win,lose,probability
Cleveland Cavaliers,New York Knicks,0.9097351833608948
Golden State Warriors,San Antonio Spurs,0.6862804736841309
Portland Trail Blazers,Utah Jazz,0.623480227561268
Boston Celtics,Brooklyn Nets,0.8905012958403846
Indiana Pacers,Dallas Mavericks,0.6392378147705572
Houston Rockets,Los Angeles Lakers,0.8133448194790738
Memphis Grizzlies,Minnesota Timberwolves,0.6202657488397426
Charlotte Hornets,Milwaukee Bucks,0.7142121553804832
New Orleans Pelicans,Denver Nuggets,0.5000053989949096
Miami Heat,Orlando Magic,0.6459009726451692
Oklahoma City Thunder,Philadelphia 76ers,0.9530786548858303
Sacramento Kings,Phoenix Suns,0.6289581765524059
Toronto Raptors,Detroit Pistons,0.7565275237976141
Atlanta Hawks,Washington Wizards,0.6904887387314247
Boston Celtics,Chicago Bulls,0.5730389382528782
Los Angeles Clippers,Portland Trail Blazers,0.5171991421678225
San Antonio Spurs,Sacramento Kings,0.8555954618826033
Indiana Pacers,Brooklyn Nets,0.8191134785785177
Dallas Mavericks,Houston Rockets,0.5487937187338875
Detroit Pistons,Orlando Magic,0.6793138125850694
Miami Heat,Charlotte Hornets,0.5832485057757473
Golden State Warriors,New Orleans Pelicans,0.9091685610837401
Oklahoma City Thunder,Phoenix Suns,0.9317519848474798
Cleveland Cavaliers,Toronto Raptors,0.5059740844008829
Utah Jazz,Los Angeles Lakers,0.8534245173507022
Indiana Pacers,Chicago Bulls,0.5242513117399188
Charlotte Hornets,Boston Celtics,0.5818126296141899
Cleveland Cavaliers,Orlando Magic,0.8865885663316438
Portland Trail Blazers,Denver Nuggets,0.7549250748976402
Milwaukee Bucks,Brooklyn Nets,0.6982584919981977
Memphis Grizzlies,New York Knicks,0.5325811944370591
Atlanta Hawks,Philadelphia 76ers,0.9114933175534158
Sacramento Kings,Minnesota Timberwolves,0.5760883983625741
San Antonio Spurs,New Orleans Pelicans,0.9371744658681909
Detroit Pistons,Milwaukee Bucks,0.741962777401005
Houston Rockets,Dallas Mavericks,0.5797531221922616
Los Angeles Clippers,Utah Jazz,0.7213520269362382
Washington Wizards,Memphis Grizzlies,0.5301878088875034
San Antonio Spurs,Miami Heat,0.6697577317773729
Oklahoma City Thunder,Los Angeles Lakers,0.9510030737331838
Golden State Warriors,Phoenix Suns,0.9397750576689589
Atlanta Hawks,Sacramento Kings,0.7821089175893999
Chicago Bulls,Brooklyn Nets,0.7663325379568597
Los Angeles Clippers,Phoenix Suns,0.890302719044835
Toronto Raptors,Denver Nuggets,0.8553885044212808
Cleveland Cavaliers,Houston Rockets,0.8335363829977268
Detroit Pistons,New York Knicks,0.7319752024978923
Indiana Pacers,Los Angeles Lakers,0.8818970052102024
Miami Heat,Sacramento Kings,0.7760587621843993
Memphis Grizzlies,Minnesota Timberwolves,0.5146110392923375
New Orleans Pelicans,Milwaukee Bucks,0.5293519020889701
Orlando Magic,Philadelphia 76ers,0.8198484340481944
Golden State Warriors,Portland Trail Blazers,0.7631310741934098
San Antonio Spurs,Utah Jazz,0.8727857893198113
Atlanta Hawks,Los Angeles Lakers,0.9026449269656163
Boston Celtics,Chicago Bulls,0.6975986915941009
Detroit Pistons,Brooklyn Nets,0.7918296120012014
Charlotte Hornets,Philadelphia 76ers,0.9340498694395086
Oklahoma City Thunder,Los Angeles Clippers,0.5258525241157976
Memphis Grizzlies,New Orleans Pelicans,0.6424125379603026
Houston Rockets,New York Knicks,0.6341239386072629
Portland Trail Blazers,Phoenix Suns,0.8542037055381083
Utah Jazz,Dallas Mavericks,0.5801175458540833
Toronto Raptors,Washington Wizards,0.6352129141988238
Cleveland Cavaliers,Boston Celtics,0.7736610018106062
Golden State Warriors,Oklahoma City Thunder,0.7563010896647869
Indiana Pacers,Milwaukee Bucks,0.6777825142777834
Minnesota Timberwolves,Denver Nuggets,0.538824506540035
Orlando Magic,Sacramento Kings,0.5736500411683532
Charlotte Hornets,Brooklyn Nets,0.8432595239766643
Chicago Bulls,New York Knicks,0.687196485898301
Portland Trail Blazers,Dallas Mavericks,0.6211993154708241
Golden State Warriors,Los Angeles Lakers,0.9585894294878757
Los Angeles Clippers,Memphis Grizzlies,0.6822236278639314
New Orleans Pelicans,Phoenix Suns,0.6256039362806837
Toronto Raptors,Miami Heat,0.6891039863996954
San Antonio Spurs,Utah Jazz,0.7571621026319031
Atlanta Hawks,Washington Wizards,0.5460829169389966
Atlanta Hawks,Houston Rockets,0.6744165643302232
Detroit Pistons,Denver Nuggets,0.7188317477508607
Indiana Pacers,Chicago Bulls,0.6569647855842364
Sacramento Kings,Milwaukee Bucks,0.5023022356073112
Oklahoma City Thunder,Minnesota Timberwolves,0.8959278166017169
Washington Wizards,Orlando Magic,0.5445898475730027
Cleveland Cavaliers,Philadelphia 76ers,0.9580599633070254
San Antonio Spurs,Los Angeles Clippers,0.7945621374509246
Boston Celtics,Denver Nuggets,0.7910699426164959
Dallas Mavericks,Milwaukee Bucks,0.7204774836218631
Phoenix Suns,Los Angeles Lakers,0.5805419130809562
Portland Trail Blazers,Memphis Grizzlies,0.7079635710378389
Utah Jazz,New York Knicks,0.6331408464993107
Toronto Raptors,Sacramento Kings,0.8447182974015917
Chicago Bulls,Orlando Magic,0.6301820842073116
Charlotte Hornets,Indiana Pacers,0.6288761013906123
Golden State Warriors,New Orleans Pelicans,0.9509152518233014
Los Angeles Clippers,Detroit Pistons,0.7184296308203292
Oklahoma City Thunder,Miami Heat,0.7537967583453139
Utah Jazz,Philadelphia 76ers,0.8761584816114891
Washington Wizards,Houston Rockets,0.5464582880981552
Minnesota Timberwolves,Brooklyn Nets,0.6547491479046782
Cleveland Cavaliers,Atlanta Hawks,0.7755071884458756
Dallas Mavericks,Los Angeles Lakers,0.8040209557745199
Memphis Grizzlies,Denver Nuggets,0.6078867480052546
Portland Trail Blazers,Phoenix Suns,0.8384859137727936
Sacramento Kings,New Orleans Pelicans,0.5991465977718534
Atlanta Hawks,Chicago Bulls,0.7039634552136621
Charlotte Hornets,Utah Jazz,0.6717816757730724
Golden State Warriors,Dallas Mavericks,0.9040646393782549
Indiana Pacers,Philadelphia 76ers,0.9205902901060934
Los Angeles Clippers,Portland Trail Blazers,0.5637765387160248
New York Knicks,Brooklyn Nets,0.7001573730413545
Oklahoma City Thunder,Toronto Raptors,0.6739285125258244
Orlando Magic,Minnesota Timberwolves,0.6065277964226665
Detroit Pistons,Phoenix Suns,0.747962932899734
San Antonio Spurs,Houston Rockets,0.8723148458565431
Boston Celtics,Washington Wizards,0.5487025707826616
Golden State Warriors,Denver Nuggets,0.8913542347248251
Miami Heat,Chicago Bulls,0.6965852275137131
Milwaukee Bucks,New Orleans Pelicans,0.5552599580964775
Sacramento Kings,Los Angeles Lakers,0.7539369204967254
Boston Celtics,New York Knicks,0.8017677903760735
Toronto Raptors,Charlotte Hornets,0.5072488915462284
Oklahoma City Thunder,Los Angeles Clippers,0.7105566688539173
Utah Jazz,Orlando Magic,0.5618751116663945
Indiana Pacers,Philadelphia 76ers,0.8952381801730869
Portland Trail Blazers,Sacramento Kings,0.7407520681433609
San Antonio Spurs,Detroit Pistons,0.8711679459523901
Cleveland Cavaliers,Washington Wizards,0.7274096229795403
Atlanta Hawks,Philadelphia 76ers,0.9350413997102206
Chicago Bulls,Washington Wizards,0.5403410674151322
Detroit Pistons,Denver Nuggets,0.6094194322983995
San Antonio Spurs,Houston Rockets,0.7574370496915317
Indiana Pacers,Boston Celtics,0.5324499070078716
Miami Heat,Utah Jazz,0.6675910809862415
Memphis Grizzlies,Milwaukee Bucks,0.5348281135853856
Los Angeles Clippers,Minnesota Timberwolves,0.7401669026362252
New Orleans Pelicans,Los Angeles Lakers,0.7037552484031419
Phoenix Suns,Brooklyn Nets,0.5794406625975611
Toronto Raptors,New York Knicks,0.8633618864810727
Cleveland Cavaliers,Charlotte Hornets,0.7779826613341686
Golden State Warriors,Phoenix Suns,0.9654386125429121
Minnesota Timberwolves,Los Angeles Lakers,0.7351350872300437
Oklahoma City Thunder,Orlando Magic,0.8712978147738306
Portland Trail Blazers,Denver Nuggets,0.7565070323856049
Oklahoma City Thunder,Detroit Pistons,0.6781501588534413
Houston Rockets,Philadelphia 76ers,0.9002582097995063
Indiana Pacers,Orlando Magic,0.7225691103227423
Los Angeles Clippers,Brooklyn Nets,0.9125312146532204
Boston Celtics,New Orleans Pelicans,0.7340543690178966
Dallas Mavericks,New York Knicks,0.6200299104130765
San Antonio Spurs,Miami Heat,0.8282853741996111
Utah Jazz,Memphis Grizzlies,0.6642789189525494
Cleveland Cavaliers,Toronto Raptors,0.7047214485179025
Brooklyn Nets,Los Angeles Lakers,0.5184653601094374
Miami Heat,Atlanta Hawks,0.579774570024485
Charlotte Hornets,Minnesota Timberwolves,0.6973800280429041
Portland Trail Blazers,Chicago Bulls,0.6543297060089887
Atlanta Hawks,Milwaukee Bucks,0.8144611619439812
Boston Celtics,Dallas Mavericks,0.6809517905265338
Denver Nuggets,Phoenix Suns,0.6709045630949738
Cleveland Cavaliers,Indiana Pacers,0.6583854053634046
Los Angeles Clippers,Memphis Grizzlies,0.796795180722696
Detroit Pistons,New York Knicks,0.6365005660695711
Oklahoma City Thunder,Houston Rockets,0.8126047058908804
Orlando Magic,New Orleans Pelicans,0.6289965677212247
Washington Wizards,Philadelphia 76ers,0.8683677452937091
San Antonio Spurs,Sacramento Kings,0.8555954618826033
Golden State Warriors,Toronto Raptors,0.6285594263941683
Portland Trail Blazers,Houston Rockets,0.6056239627346596
Miami Heat,Milwaukee Bucks,0.8090900505412046
Minnesota Timberwolves,Philadelphia 76ers,0.8116413320639743
Utah Jazz,Chicago Bulls,0.5989268594080767
Washington Wizards,New York Knicks,0.7080383799791539
Golden State Warriors,Boston Celtics,0.7255497813404932
Charlotte Hornets,Atlanta Hawks,0.5843830188027004
Cleveland Cavaliers,Detroit Pistons,0.8321082049438525
Dallas Mavericks,Memphis Grizzlies,0.6491347504448264
Toronto Raptors,Denver Nuggets,0.7641614836345526
Indiana Pacers,Phoenix Suns,0.8400602969796436
San Antonio Spurs,Los Angeles Lakers,0.9464476906116842
Portland Trail Blazers,New Orleans Pelicans,0.7898348761879126
Oklahoma City Thunder,Brooklyn Nets,0.946089997373463
Los Angeles Clippers,Sacramento Kings,0.7207026741359064
Boston Celtics,Detroit Pistons,0.5191503106335331
Houston Rockets,Utah Jazz,0.5660419429356109
Los Angeles Clippers,Chicago Bulls,0.7474309944082708
Memphis Grizzlies,Minnesota Timberwolves,0.6202657488397426
Golden State Warriors,Milwaukee Bucks,0.9028248007421147
Charlotte Hornets,New Orleans Pelicans,0.7291752910967805
Dallas Mavericks,Orlando Magic,0.5480353628587524
Phoenix Suns,Philadelphia 76ers,0.6929368382644326
Miami Heat,Washington Wizards,0.5403342614122187
Portland Trail Blazers,Brooklyn Nets,0.8824845382343589
Utah Jazz,Denver Nuggets,0.6059643637003027
Chicago Bulls,Los Angeles Lakers,0.7914813555579157
Atlanta Hawks,New York Knicks,0.7152818249070132
Oklahoma City Thunder,Indiana Pacers,0.7828585917547151
Toronto Raptors,Sacramento Kings,0.7539945686294149
Charlotte Hornets,Memphis Grizzlies,0.7561081606762972
Detroit Pistons,Houston Rockets,0.5757039042886389
Golden State Warriors,Indiana Pacers,0.7610148600135435
Los Angeles Clippers,Toronto Raptors,0.5513003525035075
Orlando Magic,Milwaukee Bucks,0.5283496277391211
Boston Celtics,Minnesota Timberwolves,0.7025982904766578
Miami Heat,Philadelphia 76ers,0.9096063831048048
San Antonio Spurs,Dallas Mavericks,0.8788790349954282
Washington Wizards,Phoenix Suns,0.7913801146915731
Atlanta Hawks,New Orleans Pelicans,0.8189358202077621
Chicago Bulls,Denver Nuggets,0.573611238780533
Oklahoma City Thunder,Los Angeles Lakers,0.9256930178885994
Portland Trail Blazers,New York Knicks,0.7756318236544817
Boston Celtics,Brooklyn Nets,0.8465159223853674
San Antonio Spurs,Charlotte Hornets,0.6655541608463498
Cleveland Cavaliers,Portland Trail Blazers,0.7151359779144869
Los Angeles Clippers,Dallas Mavericks,0.5922168508899901
Miami Heat,Detroit Pistons,0.5107226541758656
Golden State Warriors,Los Angeles Lakers,0.9754380185073671
Toronto Raptors,Houston Rockets,0.6176372854930422
Indiana Pacers,Atlanta Hawks,0.5350812549003575
New Orleans Pelicans,Minnesota Timberwolves,0.5130620402234591
Orlando Magic,Phoenix Suns,0.7096909050807364
Memphis Grizzlies,Philadelphia 76ers,0.8236593095203935
Oklahoma City Thunder,Sacramento Kings,0.8068171612194863
Utah Jazz,Denver Nuggets,0.7102283828449931
San Antonio Spurs,Boston Celtics,0.6686952748128896
Cleveland Cavaliers,Dallas Mavericks,0.8417324399632392
Oklahoma City Thunder,Denver Nuggets,0.8153356851463023
Los Angeles Clippers,Detroit Pistons,0.5655636549066974
Indiana Pacers,Brooklyn Nets,0.8709944442879376
Golden State Warriors,Los Angeles Lakers,0.9585894294878757
Miami Heat,Memphis Grizzlies,0.6325410188755238
Toronto Raptors,Milwaukee Bucks,0.7858342450133531
Charlotte Hornets,New York Knicks,0.7123657165616881
Washington Wizards,Orlando Magic,0.5445898475730027
Chicago Bulls,Philadelphia 76ers,0.860897557744424
Minnesota Timberwolves,Phoenix Suns,0.5967084437606851
Portland Trail Blazers,New Orleans Pelicans,0.7826261731562613
Houston Rockets,Sacramento Kings,0.5936353735051926
Atlanta Hawks,Utah Jazz,0.5270350237576192
Charlotte Hornets,New York Knicks,0.804006322484525
Golden State Warriors,Minnesota Timberwolves,0.9462774121830584
Miami Heat,Memphis Grizzlies,0.7525977131791174
Oklahoma City Thunder,Detroit Pistons,0.8110376556409191
San Antonio Spurs,Washington Wizards,0.7709695392334042
Sacramento Kings,Brooklyn Nets,0.6848091884444778
Dallas Mavericks,New Orleans Pelicans,0.7264574973469476
Los Angeles Clippers,Indiana Pacers,0.5142842022381038
Atlanta Hawks,Los Angeles Lakers,0.8633171933638255
Orlando Magic,Milwaukee Bucks,0.6219945778492509
Cleveland Cavaliers,Philadelphia 76ers,0.9580599633070254
Denver Nuggets,Phoenix Suns,0.6092134785600276
Portland Trail Blazers,Houston Rockets,0.6224855622955412
Golden State Warriors,Atlanta Hawks,0.8595701799716312
Charlotte Hornets,Memphis Grizzlies,0.6346055300182982
Miami Heat,Boston Celtics,0.5771963004306913
Utah Jazz,Minnesota Timberwolves,0.6162510817225508
Oklahoma City Thunder,New York Knicks,0.832073630821305
Toronto Raptors,Philadelphia 76ers,0.9561694571659423
Washington Wizards,Sacramento Kings,0.676151253417655
Los Angeles Clippers,Brooklyn Nets,0.8692867286303547
Charlotte Hornets,Detroit Pistons,0.6685782546961746
Cleveland Cavaliers,Milwaukee Bucks,0.8490114638725722
New Orleans Pelicans,Los Angeles Lakers,0.7037552484031419
San Antonio Spurs,Orlando Magic,0.9142792516339224
Utah Jazz,Houston Rockets,0.5653690325638309
Boston Celtics,Detroit Pistons,0.6654365863513303
Chicago Bulls,Los Angeles Lakers,0.8300913782169835
San Antonio Spurs,Dallas Mavericks,0.7693006628373042
Miami Heat,Denver Nuggets,0.6862560952218585
Minnesota Timberwolves,New York Knicks,0.5551754710252426
Oklahoma City Thunder,Washington Wizards,0.823639174150418
Atlanta Hawks,Phoenix Suns,0.8098054410438038
Portland Trail Blazers,Indiana Pacers,0.5782248352410618
Toronto Raptors,Memphis Grizzlies,0.8268453961944766
Milwaukee Bucks,Brooklyn Nets,0.6398465561039297
Charlotte Hornets,Dallas Mavericks,0.6840169481763909
Cleveland Cavaliers,Los Angeles Clippers,0.7392290223108461
Golden State Warriors,Houston Rockets,0.8987080807925008
Memphis Grizzlies,Orlando Magic,0.5622710075974103
Miami Heat,Utah Jazz,0.5212566208834406
Atlanta Hawks,Detroit Pistons,0.6721601529129807
Boston Celtics,Sacramento Kings,0.7768917920834706
Cleveland Cavaliers,Chicago Bulls,0.746560301875117
Houston Rockets,Denver Nuggets,0.6069750748575133
Los Angeles Clippers,New Orleans Pelicans,0.7689560553657019
New York Knicks,Minnesota Timberwolves,0.5338981270133798
Orlando Magic,Philadelphia 76ers,0.8198484340481944
San Antonio Spurs,Washington Wizards,0.8803510699020918
Toronto Raptors,Los Angeles Lakers,0.933561368633166
Charlotte Hornets,Minnesota Timberwolves,0.8018298024223475
Dallas Mavericks,Chicago Bulls,0.582686686989796
Golden State Warriors,Phoenix Suns,0.9654386125429121
Memphis Grizzlies,Los Angeles Lakers,0.7864504708076671
Milwaukee Bucks,Brooklyn Nets,0.6982584919981977
Boston Celtics,Philadelphia 76ers,0.9123426239852257
Portland Trail Blazers,Miami Heat,0.5379400566094623
Toronto Raptors,Atlanta Hawks,0.6841188851379743
Utah Jazz,Denver Nuggets,0.7102283828449931
Detroit Pistons,Orlando Magic,0.6793138125850694
Los Angeles Clippers,Indiana Pacers,0.6818576375852142
Sacramento Kings,New York Knicks,0.5000450722032933
Oklahoma City Thunder,New Orleans Pelicans,0.9044735139990638
Oklahoma City Thunder,Atlanta Hawks,0.5798642975735095
Washington Wizards,Brooklyn Nets,0.7775690172517584
Portland Trail Blazers,Chicago Bulls,0.6463195059106461
Charlotte Hornets,Dallas Mavericks,0.5402014872414184
Golden State Warriors,Indiana Pacers,0.8806216694049925
Boston Celtics,Houston Rockets,0.5300425757385843
Utah Jazz,Los Angeles Lakers,0.812701049455383
San Antonio Spurs,Milwaukee Bucks,0.8764401845892384
Memphis Grizzlies,New Orleans Pelicans,0.553309233958345
Denver Nuggets,Philadelphia 76ers,0.790388212134768
Cleveland Cavaliers,Toronto Raptors,0.5059740844008829
Detroit Pistons,Chicago Bulls,0.6090156068500614
Memphis Grizzlies,Philadelphia 76ers,0.8511357974828998
Miami Heat,New York Knicks,0.8010038503582939
San Antonio Spurs,Minnesota Timberwolves,0.8673887630385568
Utah Jazz,Phoenix Suns,0.8037462512202505
Washington Wizards,Orlando Magic,0.6529040591572929
Atlanta Hawks,Miami Heat,0.5939141263273395
Denver Nuggets,Brooklyn Nets,0.6664604562960337
Charlotte Hornets,Detroit Pistons,0.6685782546961746
Dallas Mavericks,Sacramento Kings,0.6782121128411548
Houston Rockets,Los Angeles Lakers,0.853237291028735
Golden State Warriors,Los Angeles Clippers,0.67328738671947
Portland Trail Blazers,Milwaukee Bucks,0.777199154256507
Cleveland Cavaliers,New York Knicks,0.8478504126796336
Boston Celtics,Orlando Magic,0.6535795683002683
Indiana Pacers,Phoenix Suns,0.7793943953698449
San Antonio Spurs,Chicago Bulls,0.7879520459769737
Portland Trail Blazers,Memphis Grizzlies,0.7079635710378389
New Orleans Pelicans,Philadelphia 76ers,0.7866955604715471
Toronto Raptors,Minnesota Timberwolves,0.8617311564411253
Golden State Warriors,Utah Jazz,0.803300730481842
Washington Wizards,Denver Nuggets,0.6942114786716284
Toronto Raptors,Boston Celtics,0.5107839327461194
Charlotte Hornets,Orlando Magic,0.7608741073509633
Cleveland Cavaliers,Miami Heat,0.7795148625581628
Dallas Mavericks,Indiana Pacers,0.502794166497148
Phoenix Suns,Los Angeles Lakers,0.5805419130809562
Atlanta Hawks,Milwaukee Bucks,0.7171169777117343
Detroit Pistons,Minnesota Timberwolves,0.6196725641026726
Oklahoma City Thunder,Houston Rockets,0.8126047058908804
Sacramento Kings,New York Knicks,0.5794438542352606
Miami Heat,Chicago Bulls,0.5647639460074609
Cleveland Cavaliers,Charlotte Hornets,0.7779826613341686
Houston Rockets,Dallas Mavericks,0.5797531221922616
Portland Trail Blazers,Indiana Pacers,0.54454578947459
Los Angeles Clippers,New Orleans Pelicans,0.8491395254223089
Golden State Warriors,Memphis Grizzlies,0.8658913040487182
Orlando Magic,Denver Nuggets,0.5939940954101057
San Antonio Spurs,Brooklyn Nets,0.9650944477906866
Utah Jazz,Sacramento Kings,0.6926953816265857
Washington Wizards,Milwaukee Bucks,0.7185749877971619
Detroit Pistons,Philadelphia 76ers,0.9041120840533216
New York Knicks,Los Angeles Lakers,0.6840370194968299
Golden State Warriors,Minnesota Timberwolves,0.8954756866818339
Oklahoma City Thunder,Boston Celtics,0.7474812771337411
New Orleans Pelicans,Phoenix Suns,0.5736098052024489
Dallas Mavericks,Denver Nuggets,0.6962090460944367
Houston Rockets,Brooklyn Nets,0.840168531778682
Indiana Pacers,Charlotte Hornets,0.5386306466371603
Los Angeles Clippers,Portland Trail Blazers,0.5637765387160248
Miami Heat,Washington Wizards,0.6829259401973174
Sacramento Kings,Los Angeles Lakers,0.7539369204967254
Toronto Raptors,Milwaukee Bucks,0.8693275430956962
Atlanta Hawks,Orlando Magic,0.7638108908308548
Chicago Bulls,Minnesota Timberwolves,0.6842322444300668
Cleveland Cavaliers,Memphis Grizzlies,0.8839460283484041
Golden State Warriors,New Orleans Pelicans,0.9091685610837401
New York Knicks,Phoenix Suns,0.5933940755566767
Oklahoma City Thunder,Portland Trail Blazers,0.634213062618417
Brooklyn Nets,Los Angeles Lakers,0.5431433678314131
Dallas Mavericks,Detroit Pistons,0.5462524432125433
Houston Rockets,Sacramento Kings,0.6923768538040572
Cleveland Cavaliers,Memphis Grizzlies,0.7962410902697092
Miami Heat,Indiana Pacers,0.6244439488205928
Los Angeles Clippers,Orlando Magic,0.69464922615605
Toronto Raptors,Philadelphia 76ers,0.9371325567846707
San Antonio Spurs,Boston Celtics,0.8234330707273868
Oklahoma City Thunder,Utah Jazz,0.6872865864391491
Charlotte Hornets,Washington Wizards,0.5425421651937893
Portland Trail Blazers,Denver Nuggets,0.7549250748976402
Golden State Warriors,New York Knicks,0.9469723710508607
Chicago Bulls,Milwaukee Bucks,0.603713943622602
Indiana Pacers,New Orleans Pelicans,0.6938353758914206
San Antonio Spurs,Phoenix Suns,0.9225625061876738
Boston Celtics,Charlotte Hornets,0.5844146822222039
Chicago Bulls,Milwaukee Bucks,0.6981646113551622
Houston Rockets,New Orleans Pelicans,0.7393148226801028
Memphis Grizzlies,Sacramento Kings,0.5877556949987361
Miami Heat,Los Angeles Clippers,0.530995136689944
Orlando Magic,Brooklyn Nets,0.7585940215798106
Los Angeles Lakers,Philadelphia 76ers,0.6134989520983813
Toronto Raptors,Atlanta Hawks,0.6841188851379743
Utah Jazz,Dallas Mavericks,0.5801175458540833
Washington Wizards,Detroit Pistons,0.543914790525645
Atlanta Hawks,Charlotte Hornets,0.5917676028902521
Cleveland Cavaliers,Los Angeles Lakers,0.9572884668825602
Denver Nuggets,New York Knicks,0.5658381064211474
Detroit Pistons,Indiana Pacers,0.530098738068829
Golden State Warriors,Portland Trail Blazers,0.8164549805276319
Houston Rockets,Minnesota Timberwolves,0.6172520733001483
Oklahoma City Thunder,Phoenix Suns,0.9317519848474798
Dallas Mavericks,Sacramento Kings,0.6782121128411548
Utah Jazz,Memphis Grizzlies,0.5475655744511974
Miami Heat,Boston Celtics,0.5771963004306913
Toronto Raptors,Orlando Magic,0.729882712355466
Brooklyn Nets,Philadelphia 76ers,0.6370960067941625
San Antonio Spurs,New Orleans Pelicans,0.9371744658681909
Los Angeles Clippers,Washington Wizards,0.5944915058856317
Chicago Bulls,Detroit Pistons,0.5193108929366492
Dallas Mavericks,Denver Nuggets,0.5925072818725325
Indiana Pacers,Washington Wizards,0.6424374076367009
Minnesota Timberwolves,Phoenix Suns,0.6612776228996581
Oklahoma City Thunder,Atlanta Hawks,0.7494718555858432
Charlotte Hornets,Los Angeles Lakers,0.9012111407728761
Golden State Warriors,Utah Jazz,0.8990929384111243
San Antonio Spurs,Houston Rockets,0.7574370496915317
Los Angeles Clippers,Denver Nuggets,0.8292689904058855
Boston Celtics,Memphis Grizzlies,0.6403480071411692
Miami Heat,Orlando Magic,0.757410249185863
Cleveland Cavaliers,Milwaukee Bucks,0.8490114638725722
Indiana Pacers,New York Knicks,0.6758075452040687
New Orleans Pelicans,Philadelphia 76ers,0.7649215932731727
Portland Trail Blazers,Sacramento Kings,0.7444931174436458
Toronto Raptors,Brooklyn Nets,0.9270335458712379
Atlanta Hawks,Minnesota Timberwolves,0.8043929053793738
Chicago Bulls,Washington Wizards,0.5403410674151322
Cleveland Cavaliers,Milwaukee Bucks,0.9138781338672142
Detroit Pistons,Memphis Grizzlies,0.6736196007564923
Oklahoma City Thunder,New Orleans Pelicans,0.8434250330673803
Houston Rockets,Phoenix Suns,0.7460242775772381
Portland Trail Blazers,Dallas Mavericks,0.6365418985211114
Utah Jazz,Sacramento Kings,0.6926953816265857
Golden State Warriors,Brooklyn Nets,0.952382482662143
Indiana Pacers,Boston Celtics,0.5324499070078716
San Antonio Spurs,Los Angeles Clippers,0.6114048847264779
Miami Heat,Los Angeles Lakers,0.8995116567547028
Orlando Magic,New York Knicks,0.5260991437109168
Oklahoma City Thunder,Boston Celtics,0.5872408657026833
Charlotte Hornets,Chicago Bulls,0.7005742431152412
Cleveland Cavaliers,Brooklyn Nets,0.9529744816019471
Atlanta Hawks,Denver Nuggets,0.6912226913326569
Golden State Warriors,Detroit Pistons,0.796550476909789
Los Angeles Clippers,Dallas Mavericks,0.7324753059888542
Houston Rockets,Memphis Grizzlies,0.5486144974898199
Washington Wizards,Milwaukee Bucks,0.618881275925449
Minnesota Timberwolves,Sacramento Kings,0.5179594249381365
Miami Heat,New Orleans Pelicans,0.7274155958525936
Orlando Magic,Los Angeles Lakers,0.7765589161198794
Phoenix Suns,Philadelphia 76ers,0.7028887513124651
San Antonio Spurs,Portland Trail Blazers,0.7109603874799455
Toronto Raptors,Utah Jazz,0.6172839426812979
Golden State Warriors,Cleveland Cavaliers,0.5147791711669859
Los Angeles Clippers,Los Angeles Lakers,0.8850175060396258
Boston Celtics,New York Knicks,0.7174302750340826
Oklahoma City Thunder,Minnesota Timberwolves,0.8959278166017169
San Antonio Spurs,Chicago Bulls,0.8869137810476451
Charlotte Hornets,Brooklyn Nets,0.8432595239766643
Indiana Pacers,Chicago Bulls,0.5242513117399188
Cleveland Cavaliers,Detroit Pistons,0.7032303709336647
Houston Rockets,Phoenix Suns,0.8035101788890517
Los Angeles Clippers,Denver Nuggets,0.8292689904058855
Atlanta Hawks,Minnesota Timberwolves,0.7003841649599252
Dallas Mavericks,New Orleans Pelicans,0.6395049084311097
Orlando Magic,Memphis Grizzlies,0.5415116251809685
Toronto Raptors,Portland Trail Blazers,0.5599367830610198
Sacramento Kings,Philadelphia 76ers,0.8262955202465122
Washington Wizards,Milwaukee Bucks,0.7185749877971619
Boston Celtics,Memphis Grizzlies,0.7534902935947281
Dallas Mavericks,Houston Rockets,0.5487937187338875
Utah Jazz,Los Angeles Lakers,0.812701049455383
Oklahoma City Thunder,Miami Heat,0.5884037542939682
Atlanta Hawks,New York Knicks,0.8065480664080441
Chicago Bulls,Brooklyn Nets,0.8154074477952125
Denver Nuggets,Minnesota Timberwolves,0.5624560665222271
Detroit Pistons,Milwaukee Bucks,0.741962777401005
Golden State Warriors,Toronto Raptors,0.8087540425188035
Los Angeles Clippers,New Orleans Pelicans,0.7689560553657019
Charlotte Hornets,Orlando Magic,0.6479322012813294
Portland Trail Blazers,Sacramento Kings,0.7407520681433609
San Antonio Spurs,Phoenix Suns,0.955573549868555
Washington Wizards,Indiana Pacers,0.5004373771124568
Charlotte Hornets,Miami Heat,0.5899987973051393
Cleveland Cavaliers,Boston Celtics,0.7736610018106062
Dallas Mavericks,Los Angeles Lakers,0.8040209557745199
Oklahoma City Thunder,Memphis Grizzlies,0.7765233558042701
Toronto Raptors,Phoenix Suns,0.8603904357951703
Utah Jazz,Philadelphia 76ers,0.9003924538589575
Atlanta Hawks,Detroit Pistons,0.6721601529129807
Boston Celtics,Miami Heat,0.586572857290911
Denver Nuggets,Philadelphia 76ers,0.8181698215122089
Golden State Warriors,Dallas Mavericks,0.9040646393782549
Los Angeles Clippers,Houston Rockets,0.5762626937381989
Indiana Pacers,Chicago Bulls,0.6569647855842364
Minnesota Timberwolves,Milwaukee Bucks,0.5678617512303678
New Orleans Pelicans,New York Knicks,0.5164976740510171
San Antonio Spurs,Portland Trail Blazers,0.7740185790397964
Washington Wizards,Brooklyn Nets,0.8298222271558356
Chicago Bulls,Milwaukee Bucks,0.6981646113551622
Cleveland Cavaliers,Charlotte Hornets,0.6120341491944794
Houston Rockets,New York Knicks,0.7233201026621969
Oklahoma City Thunder,Los Angeles Clippers,0.7105566688539173
Sacramento Kings,Memphis Grizzlies,0.5101050333364546
Utah Jazz,Phoenix Suns,0.8037462512202505
San Antonio Spurs,Atlanta Hawks,0.661936387889223
Indiana Pacers,Orlando Magic,0.7225691103227423
Toronto Raptors,Los Angeles Lakers,0.9014027963244999
Miami Heat,Detroit Pistons,0.6643671940316082
Portland Trail Blazers,Minnesota Timberwolves,0.7628449584967871
Utah Jazz,Brooklyn Nets,0.7894306030543734
Charlotte Hornets,Chicago Bulls,0.5669485515275722
Cleveland Cavaliers,New Orleans Pelicans,0.9162018322777442
Golden State Warriors,Denver Nuggets,0.9435590385520427
Houston Rockets,Washington Wizards,0.5831362423238962
Los Angeles Clippers,Phoenix Suns,0.890302719044835
Oklahoma City Thunder,Milwaukee Bucks,0.8333314079241981
Orlando Magic,New York Knicks,0.5260991437109168
Boston Celtics,Utah Jazz,0.6686553243653436
Dallas Mavericks,Washington Wizards,0.5670865190974322
Denver Nuggets,Sacramento Kings,0.5287569272496445
Detroit Pistons,Indiana Pacers,0.530098738068829
Memphis Grizzlies,Los Angeles Lakers,0.7412454961269116
Minnesota Timberwolves,Philadelphia 76ers,0.7816023436041684
Miami Heat,Phoenix Suns,0.8062114721486497
San Antonio Spurs,Toronto Raptors,0.7650495208589877
Oklahoma City Thunder,Charlotte Hornets,0.5838081368716754
Cleveland Cavaliers,Chicago Bulls,0.8518158881922276
Golden State Warriors,Portland Trail Blazers,0.8164549805276319
Los Angeles Clippers,Memphis Grizzlies,0.796795180722696
New York Knicks,Milwaukee Bucks,0.5501021742865867
Atlanta Hawks,Orlando Magic,0.6511816845021795
Miami Heat,Sacramento Kings,0.6741627543612487
Dallas Mavericks,Phoenix Suns,0.7929322600679428
San Antonio Spurs,Denver Nuggets,0.8623300918188012
Charlotte Hornets,Detroit Pistons,0.5129445826153388
Oklahoma City Thunder,Houston Rockets,0.6876080068905068
Indiana Pacers,Brooklyn Nets,0.8709944442879376
Atlanta Hawks,New Orleans Pelicans,0.7319850971332026
Portland Trail Blazers,Los Angeles Lakers,0.8806759496119196
Toronto Raptors,Utah Jazz,0.7591870454888138
Boston Celtics,Philadelphia 76ers,0.9331731703317878
Cleveland Cavaliers,Brooklyn Nets,0.9236934733107339
Golden State Warriors,Memphis Grizzlies,0.9310153466882978
Miami Heat,Los Angeles Lakers,0.8605602843149354
Milwaukee Bucks,New York Knicks,0.5350739783600524
Houston Rockets,Orlando Magic,0.5629173409076782
Los Angeles Clippers,Sacramento Kings,0.7207026741359064
Washington Wizards,Minnesota Timberwolves,0.7051869124717352
Boston Celtics,New Orleans Pelicans,0.8143912071424518
Toronto Raptors,Chicago Bulls,0.6577936394282193
Atlanta Hawks,Dallas Mavericks,0.5437451203589666
Indiana Pacers,New York Knicks,0.7705268005485506
Utah Jazz,Minnesota Timberwolves,0.6162510817225508
Oklahoma City Thunder,Denver Nuggets,0.8909553286359656
San Antonio Spurs,Charlotte Hornets,0.8270168807490392
Brooklyn Nets,Philadelphia 76ers,0.6485974718993492
Los Angeles Clippers,Miami Heat,0.6454009508878318
Orlando Magic,Los Angeles Lakers,0.7362239608882435
Utah Jazz,Memphis Grizzlies,0.5475655744511974
Washington Wizards,Milwaukee Bucks,0.618881275925449
Cleveland Cavaliers,Phoenix Suns,0.9042538527481214
Portland Trail Blazers,Detroit Pistons,0.6200719977999184
Golden State Warriors,Sacramento Kings,0.8858514824629653
Toronto Raptors,Houston Rockets,0.7584119683885282
Oklahoma City Thunder,Chicago Bulls,0.7237032074227863
Dallas Mavericks,Minnesota Timberwolves,0.6029150989862122
New York Knicks,New Orleans Pelicans,0.5574884401192776
Atlanta Hawks,Brooklyn Nets,0.8451370853315567
Golden State Warriors,Miami Heat,0.8623435333486885
Charlotte Hornets,Houston Rockets,0.5238484907186298
Portland Trail Blazers,Los Angeles Lakers,0.896815547633278
Detroit Pistons,Sacramento Kings,0.5961074892232132
San Antonio Spurs,Milwaukee Bucks,0.9353913216165632
Toronto Raptors,Boston Celtics,0.6818294839846938
Cleveland Cavaliers,Utah Jazz,0.7119572431303431
Washington Wizards,Chicago Bulls,0.5803925524191629
Boston Celtics,Washington Wizards,0.683964329362241
Los Angeles Clippers,Orlando Magic,0.8009753344226674
Houston Rockets,Minnesota Timberwolves,0.6172520733001483
Oklahoma City Thunder,Memphis Grizzlies,0.8683518989832195
New York Knicks,Philadelphia 76ers,0.779245338054265
Cleveland Cavaliers,Portland Trail Blazers,0.6610055853811553
New Orleans Pelicans,Brooklyn Nets,0.6329298377179398
Indiana Pacers,Denver Nuggets,0.6500447510187717
Golden State Warriors,Detroit Pistons,0.8977704683990833
Chicago Bulls,New York Knicks,0.6015518722173023
Dallas Mavericks,Phoenix Suns,0.7344355856948643
San Antonio Spurs,Los Angeles Lakers,0.9683335281508872
Atlanta Hawks,Boston Celtics,0.5857512453435845
Houston Rockets,Memphis Grizzlies,0.6639452263260667
Miami Heat,Milwaukee Bucks,0.7123935841357845
Oklahoma City Thunder,Minnesota Timberwolves,0.8217642475078714
Charlotte Hornets,Philadelphia 76ers,0.9103349064488554
Portland Trail Blazers,Orlando Magic,0.720223367399483
Cleveland Cavaliers,Sacramento Kings,0.8244662261200683
Toronto Raptors,Brooklyn Nets,0.9270335458712379
Utah Jazz,Detroit Pistons,0.5628467481760612
Chicago Bulls,New Orleans Pelicans,0.7044261461414891
Los Angeles Clippers,Los Angeles Lakers,0.9202448433282617
San Antonio Spurs,Phoenix Suns,0.9225625061876738
Utah Jazz,Orlando Magic,0.6700562731621654
Washington Wizards,Philadelphia 76ers,0.893307708178319
Atlanta Hawks,Milwaukee Bucks,0.8144611619439812
Houston Rockets,Brooklyn Nets,0.7901337021535098
Dallas Mavericks,Minnesota Timberwolves,0.7071430285791666
Detroit Pistons,Los Angeles Lakers,0.8148971033456023
Chicago Bulls,Memphis Grizzlies,0.5142611133775583
Oklahoma City Thunder,Sacramento Kings,0.8068171612194863
Toronto Raptors,New York Knicks,0.8633618864810727
Boston Celtics,Charlotte Hornets,0.5844146822222039
Denver Nuggets,Orlando Magic,0.5027108574628572
Golden State Warriors,Cleveland Cavaliers,0.7340094944733936
Indiana Pacers,New Orleans Pelicans,0.7846051832462487
Oklahoma City Thunder,Los Angeles Clippers,0.5258525241157976
Milwaukee Bucks,Philadelphia 76ers,0.7989320446678271
Atlanta Hawks,New York Knicks,0.7152818249070132
Utah Jazz,Phoenix Suns,0.7452210526063974
Portland Trail Blazers,Washington Wizards,0.6234151059017479
Toronto Raptors,Brooklyn Nets,0.8876290675709447
Chicago Bulls,Dallas Mavericks,0.5368864628527209
Denver Nuggets,Los Angeles Lakers,0.6981239252222406
Miami Heat,Houston Rockets,0.6666506415093865
San Antonio Spurs,Minnesota Timberwolves,0.9313320639240689
Boston Celtics,New York Knicks,0.8017677903760735
Charlotte Hornets,Portland Trail Blazers,0.5053947135366597
Atlanta Hawks,Detroit Pistons,0.5165102691070621
Golden State Warriors,Oklahoma City Thunder,0.7563010896647869
Houston Rockets,Milwaukee Bucks,0.7335127792646683
Orlando Magic,New Orleans Pelicans,0.5468700656668374
Toronto Raptors,Philadelphia 76ers,0.9371325567846707
Indiana Pacers,Sacramento Kings,0.6372933432097885
Washington Wizards,Memphis Grizzlies,0.6469845986639798
Cleveland Cavaliers,Phoenix Suns,0.9403520408988022
Los Angeles Clippers,Minnesota Timberwolves,0.8365383227017874
Miami Heat,Dallas Mavericks,0.6799081354636622
Washington Wizards,New York Knicks,0.6167494232128425
San Antonio Spurs,Denver Nuggets,0.927915060900664
Atlanta Hawks,Chicago Bulls,0.7039634552136621
Toronto Raptors,Charlotte Hornets,0.5072488915462284
Dallas Mavericks,Utah Jazz,0.5498421352548781
Golden State Warriors,Houston Rockets,0.8035369929266252
Indiana Pacers,Los Angeles Lakers,0.8397694156214887
Memphis Grizzlies,Sacramento Kings,0.5877556949987361
New Orleans Pelicans,Brooklyn Nets,0.6823313635202474
Orlando Magic,Milwaukee Bucks,0.6219945778492509
Portland Trail Blazers,Philadelphia 76ers,0.9340860843073747
Atlanta Hawks,Philadelphia 76ers,0.9350413997102206
Boston Celtics,Portland Trail Blazers,0.5018587084629085
Chicago Bulls,Sacramento Kings,0.654144969285809
Charlotte Hornets,Brooklyn Nets,0.8918729404763093
Cleveland Cavaliers,San Antonio Spurs,0.5524898871586362
Los Angeles Clippers,Denver Nuggets,0.7317559857671455
Detroit Pistons,Washington Wizards,0.5937134029481643
Houston Rockets,Memphis Grizzlies,0.5486144974898199
Miami Heat,Milwaukee Bucks,0.8090900505412046
New York Knicks,Phoenix Suns,0.6449568363118169
Utah Jazz,Indiana Pacers,0.5195800134253514
Dallas Mavericks,Los Angeles Lakers,0.8448193926405995
Minnesota Timberwolves,Denver Nuggets,0.538824506540035
Golden State Warriors,Orlando Magic,0.8724776020465044
Toronto Raptors,Phoenix Suns,0.9081194538768999
Atlanta Hawks,Los Angeles Clippers,0.5397394707982665
San Antonio Spurs,Brooklyn Nets,0.9385375307510784
Charlotte Hornets,Washington Wizards,0.6870138476131765
Detroit Pistons,Sacramento Kings,0.7016005940712443
Indiana Pacers,New York Knicks,0.7705268005485506
Golden State Warriors,Miami Heat,0.7265044834050383
Houston Rockets,Milwaukee Bucks,0.6362161507627382
Cleveland Cavaliers,New Orleans Pelicans,0.8583169395124717
Oklahoma City Thunder,Utah Jazz,0.6872865864391491
Utah Jazz,Denver Nuggets,0.6059643637003027
Chicago Bulls,Orlando Magic,0.5287173957623961
Los Angeles Clippers,Philadelphia 76ers,0.9261988427076172
Minnesota Timberwolves,Phoenix Suns,0.5967084437606851
San Antonio Spurs,Toronto Raptors,0.563694999872943
Boston Celtics,Washington Wizards,0.5487025707826616
Boston Celtics,Houston Rockets,0.6677163971672523
Miami Heat,Brooklyn Nets,0.8420805577374051
Atlanta Hawks,Chicago Bulls,0.5704499607166671
Golden State Warriors,Charlotte Hornets,0.7227241933554855
Cleveland Cavaliers,Sacramento Kings,0.8966616534535138
Dallas Mavericks,New York Knicks,0.7099833572893107
Toronto Raptors,Memphis Grizzlies,0.7183094581418932
Milwaukee Bucks,Philadelphia 76ers,0.7989320446678271
Oklahoma City Thunder,New Orleans Pelicans,0.8434250330673803
Portland Trail Blazers,Los Angeles Lakers,0.8806759496119196
Denver Nuggets,Phoenix Suns,0.6709045630949738
Indiana Pacers,Minnesota Timberwolves,0.6598267147135495
Oklahoma City Thunder,Dallas Mavericks,0.8216107982282926
Utah Jazz,Los Angeles Lakers,0.8534245173507022
Atlanta Hawks,Washington Wizards,0.6904887387314247
Boston Celtics,Orlando Magic,0.7582910432039026
Miami Heat,Chicago Bulls,0.5647639460074609
Cleveland Cavaliers,Brooklyn Nets,0.9529744816019471
Indiana Pacers,Sacramento Kings,0.7429871125990702
San Antonio Spurs,New Orleans Pelicans,0.8842856141762396
Charlotte Hornets,New York Knicks,0.7123657165616881
Houston Rockets,Philadelphia 76ers,0.8766172536960902
Portland Trail Blazers,Memphis Grizzlies,0.7149507505372646
Toronto Raptors,Milwaukee Bucks,0.8693275430956962
Charlotte Hornets,Sacramento Kings,0.7793339220358091
Golden State Warriors,Los Angeles Clippers,0.8339682483966399
Miami Heat,Detroit Pistons,0.6643671940316082
Boston Celtics,Milwaukee Bucks,0.7192570151712339
Minnesota Timberwolves,Brooklyn Nets,0.7150617219548419
Denver Nuggets,Phoenix Suns,0.6092134785600276
Utah Jazz,Memphis Grizzlies,0.6642789189525494
Atlanta Hawks,New York Knicks,0.8065480664080441
Chicago Bulls,Philadelphia 76ers,0.8835155653611662
Cleveland Cavaliers,Oklahoma City Thunder,0.6365578185174797
Indiana Pacers,Houston Rockets,0.6252243542071662
Washington Wizards,New Orleans Pelicans,0.6362939304997033
Golden State Warriors,Portland Trail Blazers,0.7631310741934098
San Antonio Spurs,Dallas Mavericks,0.8788790349954282
Toronto Raptors,Orlando Magic,0.8305388536573999
Boston Celtics,Detroit Pistons,0.6654365863513303
Cleveland Cavaliers,Dallas Mavericks,0.7255363351737825
Miami Heat,Brooklyn Nets,0.8900324120307871
Orlando Magic,Minnesota Timberwolves,0.5081099483388305
Sacramento Kings,Philadelphia 76ers,0.8039251510753911
Memphis Grizzlies,Phoenix Suns,0.6588288190494653
Houston Rockets,Sacramento Kings,0.6923768538040572
Denver Nuggets,Los Angeles Lakers,0.6981239252222406
Portland Trail Blazers,Charlotte Hornets,0.535728948374561
San Antonio Spurs,Oklahoma City Thunder,0.7049823049162461
Toronto Raptors,New Orleans Pelicans,0.8726858250189597
Washington Wizards,New York Knicks,0.7080383799791539
Toronto Raptors,Boston Celtics,0.5107839327461194
New York Knicks,Brooklyn Nets,0.6516332985904454
Cleveland Cavaliers,Minnesota Timberwolves,0.9085993115377641
Dallas Mavericks,Philadelphia 76ers,0.894202886832425
Memphis Grizzlies,Denver Nuggets,0.5037935838852481
Detroit Pistons,New Orleans Pelicans,0.7476441394412525
Golden State Warriors,Charlotte Hornets,0.861284499560357
Miami Heat,Atlanta Hawks,0.579774570024485
Oklahoma City Thunder,Chicago Bulls,0.8327214553731044
Indiana Pacers,Orlando Magic,0.6076945671237285
Los Angeles Clippers,Phoenix Suns,0.8384113314300796
Utah Jazz,Milwaukee Bucks,0.7338050889314303
Atlanta Hawks,Houston Rockets,0.5274078973968865
Golden State Warriors,Los Angeles Clippers,0.67328738671947
San Antonio Spurs,Philadelphia 76ers,0.9793706301369691
Washington Wizards,Los Angeles Lakers,0.8435794595151056
Boston Celtics,Los Angeles Lakers,0.8999446663051754
Indiana Pacers,Brooklyn Nets,0.8191134785785177
Denver Nuggets,Milwaukee Bucks,0.5784511930465773
Detroit Pistons,Minnesota Timberwolves,0.7292681253840843
Houston Rockets,Chicago Bulls,0.5985674640778147
Oklahoma City Thunder,Memphis Grizzlies,0.8683518989832195
Toronto Raptors,Orlando Magic,0.729882712355466
Portland Trail Blazers,Dallas Mavericks,0.6365418985211114
Sacramento Kings,Phoenix Suns,0.6830619804746048
Atlanta Hawks,Orlando Magic,0.7638108908308548
Indiana Pacers,Detroit Pistons,0.6228176898594918
Miami Heat,Philadelphia 76ers,0.9328732375557253
Memphis Grizzlies,Minnesota Timberwolves,0.5146110392923375
Cleveland Cavaliers,New York Knicks,0.8478504126796336
Milwaukee Bucks,Phoenix Suns,0.5809041597506766
Golden State Warriors,Sacramento Kings,0.8858514824629653
San Antonio Spurs,Denver Nuggets,0.927915060900664
Charlotte Hornets,Utah Jazz,0.5234753461344559
Washington Wizards,New Orleans Pelicans,0.7245801438180342
Boston Celtics,Los Angeles Clippers,0.532190253195362
Toronto Raptors,Brooklyn Nets,0.8876290675709447
Oklahoma City Thunder,Portland Trail Blazers,0.6849435692521558
Atlanta Hawks,Utah Jazz,0.6753457642929346
Dallas Mavericks,Denver Nuggets,0.5925072818725325
Detroit Pistons,Philadelphia 76ers,0.9041120840533216
Oklahoma City Thunder,Indiana Pacers,0.6315012430237177
San Antonio Spurs,Memphis Grizzlies,0.8313518960113708
Miami Heat,Minnesota Timberwolves,0.6955000131208324
New Orleans Pelicans,Phoenix Suns,0.6256039362806837
New York Knicks,Los Angeles Lakers,0.7208708535962183
Chicago Bulls,Sacramento Kings,0.5599600941402638
Toronto Raptors,Los Angeles Clippers,0.6399293370872037
Cleveland Cavaliers,Washington Wizards,0.7274096229795403
Charlotte Hornets,Brooklyn Nets,0.8918729404763093
Portland Trail Blazers,Dallas Mavericks,0.6211993154708241
Houston Rockets,Orlando Magic,0.6697254678807727
Atlanta Hawks,Denver Nuggets,0.7960425676768427
Washington Wizards,Brooklyn Nets,0.7775690172517584
Detroit Pistons,Los Angeles Lakers,0.8586226688463662
Golden State Warriors,Chicago Bulls,0.9105986092042299
Cleveland Cavaliers,Indiana Pacers,0.6583854053634046
Memphis Grizzlies,Phoenix Suns,0.7214809555419227
Miami Heat,Milwaukee Bucks,0.7123935841357845
Toronto Raptors,Minnesota Timberwolves,0.7718730796136495
Utah Jazz,New Orleans Pelicans,0.6523206710088485
Los Angeles Clippers,New York Knicks,0.7537818590720979
San Antonio Spurs,Philadelphia 76ers,0.9664613815848543
Boston Celtics,Sacramento Kings,0.6815306714353089
Charlotte Hornets,Houston Rockets,0.6708472466891628
Dallas Mavericks,Utah Jazz,0.5498421352548781
Oklahoma City Thunder,Cleveland Cavaliers,0.5742308601545841
Orlando Magic,Philadelphia 76ers,0.8436447694693902
Portland Trail Blazers,Boston Celtics,0.5295432886755205
Miami Heat,Brooklyn Nets,0.8420805577374051
San Antonio Spurs,Detroit Pistons,0.7493225852937291
Golden State Warriors,Memphis Grizzlies,0.8658913040487182
Milwaukee Bucks,Los Angeles Lakers,0.7190505126155892
Minnesota Timberwolves,New Orleans Pelicans,0.5751816129213901
New York Knicks,Denver Nuggets,0.5208784449505292
Chicago Bulls,Phoenix Suns,0.7189996860550772
Atlanta Hawks,Sacramento Kings,0.6792313072349518
Washington Wizards,Indiana Pacers,0.5004373771124568
Charlotte Hornets,Los Angeles Clippers,0.5357101406350193
Cleveland Cavaliers,Denver Nuggets,0.9041674977584557
Dallas Mavericks,Orlando Magic,0.6550373802374125
Houston Rockets,Phoenix Suns,0.8035101788890517
Indiana Pacers,Milwaukee Bucks,0.7795105351723235
Golden State Warriors,Oklahoma City Thunder,0.5505789041434975
Miami Heat,Philadelphia 76ers,0.9096063831048048
Boston Celtics,Utah Jazz,0.5296699270687975
Chicago Bulls,Minnesota Timberwolves,0.5841629623866464
San Antonio Spurs,New York Knicks,0.8754591116956673
Sacramento Kings,New Orleans Pelicans,0.5991465977718534
Toronto Raptors,Detroit Pistons,0.7565275237976141
Memphis Grizzlies,Brooklyn Nets,0.7122406807384004
Charlotte Hornets,Philadelphia 76ers,0.9340498694395086
Boston Celtics,Dallas Mavericks,0.5463670583404701
Golden State Warriors,Denver Nuggets,0.8913542347248251
San Antonio Spurs,Indiana Pacers,0.7085560801092027
Miami Heat,Orlando Magic,0.757410249185863
Detroit Pistons,Milwaukee Bucks,0.6385869335396306
New Orleans Pelicans,Phoenix Suns,0.5736098052024489
Portland Trail Blazers,Atlanta Hawks,0.5321766220694503
Los Angeles Clippers,Utah Jazz,0.5758973702956562
Oklahoma City Thunder,Washington Wizards,0.70351129709393
Toronto Raptors,Chicago Bulls,0.6577936394282193
Sacramento Kings,Los Angeles Lakers,0.7154744238271487
Cleveland Cavaliers,Minnesota Timberwolves,0.838321400574886
Boston Celtics,Philadelphia 76ers,0.9331731703317878
Milwaukee Bucks,Brooklyn Nets,0.6398465561039297
Cleveland Cavaliers,Indiana Pacers,0.8063209342626421
Denver Nuggets,Minnesota Timberwolves,0.5624560665222271
Detroit Pistons,Dallas Mavericks,0.5903558217031409
Golden State Warriors,Sacramento Kings,0.9389300535903145
Miami Heat,Houston Rockets,0.5216299151691536
Los Angeles Clippers,Atlanta Hawks,0.6400810955934177
Memphis Grizzlies,New Orleans Pelicans,0.6424125379603026
Oklahoma City Thunder,New York Knicks,0.8972033458419234
San Antonio Spurs,Orlando Magic,0.8393197071927175
Phoenix Suns,Los Angeles Lakers,0.6037741313311883
Toronto Raptors,Charlotte Hornets,0.6871956185016319
Portland Trail Blazers,Utah Jazz,0.6052666133963269
Boston Celtics,Chicago Bulls,0.5730389382528782
Indiana Pacers,Washington Wizards,0.6424374076367009
Cleveland Cavaliers,New York Knicks,0.9097351833608948
Charlotte Hornets,Detroit Pistons,0.5129445826153388
Golden State Warriors,Los Angeles Clippers,0.8339682483966399
Houston Rockets,New Orleans Pelicans,0.6532805119609655
Portland Trail Blazers,Orlando Magic,0.7197960748638024
Sacramento Kings,Denver Nuggets,0.5632832306816405
Atlanta Hawks,Miami Heat,0.5939141263273395
Chicago Bulls,Phoenix Suns,0.7745936165904764
Denver Nuggets,Brooklyn Nets,0.7237985165165555
Indiana Pacers,Memphis Grizzlies,0.7173233501459738
San Antonio Spurs,Los Angeles Clippers,0.6114048847264779
Utah Jazz,Milwaukee Bucks,0.6352354465974727
Dallas Mavericks,Minnesota Timberwolves,0.6029150989862122
Oklahoma City Thunder,Los Angeles Lakers,0.9510030737331838
Washington Wizards,Philadelphia 76ers,0.8683677452937091
Toronto Raptors,Boston Celtics,0.6818294839846938
Cleveland Cavaliers,Chicago Bulls,0.8518158881922276
Dallas Mavericks,New Orleans Pelicans,0.7264574973469476
Golden State Warriors,Brooklyn Nets,0.972905304233906
Houston Rockets,Minnesota Timberwolves,0.720558980892698
Miami Heat,Indiana Pacers,0.6244439488205928
New York Knicks,Philadelphia 76ers,0.8003785009497975
Atlanta Hawks,Orlando Magic,0.6511816845021795
Charlotte Hornets,Sacramento Kings,0.6761131585755868
Memphis Grizzlies,Denver Nuggets,0.5037935838852481
Boston Celtics,Detroit Pistons,0.5191503106335331
Los Angeles Clippers,Charlotte Hornets,0.6433631566941087
San Antonio Spurs,Los Angeles Lakers,0.9464476906116842
Milwaukee Bucks,Phoenix Suns,0.6428866771397442
Oklahoma City Thunder,New Orleans Pelicans,0.9044735139990638
Toronto Raptors,Portland Trail Blazers,0.6114836526767713
Washington Wizards,Utah Jazz,0.5475076568649123
Boston Celtics,Atlanta Hawks,0.5809434830450315
Cleveland Cavaliers,Milwaukee Bucks,0.9138781338672142
Miami Heat,Dallas Mavericks,0.5379919065222636
Houston Rockets,Indiana Pacers,0.5192065939101831
Toronto Raptors,New York Knicks,0.7843108014044015
Golden State Warriors,Philadelphia 76ers,0.9741892290418285
Sacramento Kings,Minnesota Timberwolves,0.5760883983625741
Chicago Bulls,Denver Nuggets,0.6728386216224894
Portland Trail Blazers,Detroit Pistons,0.5951454366998481
Charlotte Hornets,Los Angeles Lakers,0.861623958863823
Memphis Grizzlies,Phoenix Suns,0.7214809555419227
Oklahoma City Thunder,Utah Jazz,0.8132487309654284
Golden State Warriors,Washington Wizards,0.8151253319276504
Atlanta Hawks,Dallas Mavericks,0.6875099778296525
Cleveland Cavaliers,Boston Celtics,0.6153874442883103
Los Angeles Clippers,Houston Rockets,0.7205000069948494
Miami Heat,Philadelphia 76ers,0.9328732375557253
Milwaukee Bucks,Denver Nuggets,0.5186247914633932
Detroit Pistons,New Orleans Pelicans,0.6556002861329862
Orlando Magic,New York Knicks,0.6098055044601306
Sacramento Kings,Brooklyn Nets,0.7347743971485031
San Antonio Spurs,Indiana Pacers,0.8503007326495016
Toronto Raptors,Washington Wizards,0.7717411288426061
Utah Jazz,Minnesota Timberwolves,0.7208600923014264
Golden State Warriors,Chicago Bulls,0.8295575366901037
Charlotte Hornets,Phoenix Suns,0.8075970383906493
Oklahoma City Thunder,Portland Trail Blazers,0.634213062618417
Cleveland Cavaliers,Atlanta Hawks,0.6081782679243211
Dallas Mavericks,Memphis Grizzlies,0.6491347504448264
Boston Celtics,Los Angeles Lakers,0.864560102738496
Los Angeles Clippers,Milwaukee Bucks,0.7554536999361232
San Antonio Spurs,New Orleans Pelicans,0.8842856141762396
Miami Heat,Orlando Magic,0.6459009726451692
New York Knicks,Philadelphia 76ers,0.779245338054265
Oklahoma City Thunder,Phoenix Suns,0.8935916656351445
Utah Jazz,Brooklyn Nets,0.8403693108976671
Toronto Raptors,Washington Wizards,0.6352129141988238
Los Angeles Clippers,Chicago Bulls,0.6180773568906286
Charlotte Hornets,Denver Nuggets,0.6881675940123475
Houston Rockets,Memphis Grizzlies,0.6639452263260667
Cleveland Cavaliers,Miami Heat,0.6165228173713274
Toronto Raptors,Milwaukee Bucks,0.7858342450133531
Detroit Pistons,Philadelphia 76ers,0.8777224513687579
Portland Trail Blazers,Brooklyn Nets,0.8696773254736507
San Antonio Spurs,Minnesota Timberwolves,0.9313320639240689
Atlanta Hawks,Indiana Pacers,0.6326513262341412
Oklahoma City Thunder,Dallas Mavericks,0.7015411614593257
New Orleans Pelicans,Los Angeles Lakers,0.6661820585962446
Golden State Warriors,New York Knicks,0.9020298055787178
Boston Celtics,Phoenix Suns,0.8114286664097848
Utah Jazz,Sacramento Kings,0.5926133821262562
Washington Wizards,Orlando Magic,0.6529040591572929
Golden State Warriors,Atlanta Hawks,0.7194641723046908
Charlotte Hornets,Indiana Pacers,0.6288761013906123
Cleveland Cavaliers,Miami Heat,0.7795148625581628
Denver Nuggets,Sacramento Kings,0.5287569272496445
Detroit Pistons,Chicago Bulls,0.6090156068500614
Los Angeles Clippers,Boston Celtics,0.6376415791785354
Memphis Grizzlies,Brooklyn Nets,0.7690443406858305
Orlando Magic,New York Knicks,0.6098055044601306
Milwaukee Bucks,Philadelphia 76ers,0.7702539827704332
San Antonio Spurs,Houston Rockets,0.8723148458565431
Utah Jazz,New Orleans Pelicans,0.739603027400018
Dallas Mavericks,Los Angeles Lakers,0.8448193926405995
Oklahoma City Thunder,Portland Trail Blazers,0.6849435692521558
Washington Wizards,Phoenix Suns,0.7317154392731611
Atlanta Hawks,Brooklyn Nets,0.8934262305590571
Washington Wizards,Denver Nuggets,0.5891466307087463
Golden State Warriors,Boston Celtics,0.8582889846742059
Houston Rockets,Utah Jazz,0.5660419429356109
Indiana Pacers,Detroit Pistons,0.6228176898594918
Miami Heat,Charlotte Hornets,0.5832485057757473
Milwaukee Bucks,New York Knicks,0.5350739783600524
Los Angeles Clippers,Minnesota Timberwolves,0.7401669026362252
Toronto Raptors,New Orleans Pelicans,0.7981074592924802
Chicago Bulls,Orlando Magic,0.5287173957623961
San Antonio Spurs,Sacramento Kings,0.9221089556770543
Cleveland Cavaliers,Detroit Pistons,0.7032303709336647
Los Angeles Clippers,Memphis Grizzlies,0.6822236278639314
Oklahoma City Thunder,San Antonio Spurs,0.516708757869442
Phoenix Suns,Los Angeles Lakers,0.6037741313311883
Portland Trail Blazers,Philadelphia 76ers,0.9197328699084908
Toronto Raptors,Atlanta Hawks,0.5031969343256237
Chicago Bulls,Houston Rockets,0.5218709860108686
Charlotte Hornets,Orlando Magic,0.7608741073509633
Dallas Mavericks,Brooklyn Nets,0.8311493848504838
Boston Celtics,Denver Nuggets,0.6934748889925662
Indiana Pacers,Milwaukee Bucks,0.6777825142777834
Golden State Warriors,Minnesota Timberwolves,0.8954756866818339
Washington Wizards,Sacramento Kings,0.5756248883255315
Charlotte Hornets,New Orleans Pelicans,0.8165198113438004
Dallas Mavericks,Phoenix Suns,0.7929322600679428
Detroit Pistons,New York Knicks,0.7319752024978923
Los Angeles Clippers,Philadelphia 76ers,0.947127712427289
Atlanta Hawks,Memphis Grizzlies,0.6379092764343396
Toronto Raptors,Miami Heat,0.5119832177948929
Milwaukee Bucks,Minnesota Timberwolves,0.5316506494985386
Oklahoma City Thunder,Utah Jazz,0.8132487309654284
Cleveland Cavaliers,Orlando Magic,0.8054795867353484
Portland Trail Blazers,Washington Wizards,0.6397519267099533
Sacramento Kings,Denver Nuggets,0.5632832306816405
San Antonio Spurs,Golden State Warriors,0.5625575846629828
Boston Celtics,Chicago Bulls,0.6975986915941009
New York Knicks,Brooklyn Nets,0.6516332985904454
Cleveland Cavaliers,Houston Rockets,0.7122639220868228
Indiana Pacers,Miami Heat,0.5408397797362418
Los Angeles Lakers,Philadelphia 76ers,0.6146069553418164
Portland Trail Blazers,Phoenix Suns,0.8542037055381083
Charlotte Hornets,Chicago Bulls,0.7005742431152412
Denver Nuggets,Los Angeles Lakers,0.7434771935531443
Memphis Grizzlies,Milwaukee Bucks,0.6355170274305659
Washington Wizards,Minnesota Timberwolves,0.5995822752651764
Sacramento Kings,Orlando Magic,0.5166048417265883
San Antonio Spurs,Atlanta Hawks,0.8249651292015051
Toronto Raptors,Dallas Mavericks,0.7692830601313818
Los Angeles Clippers,Utah Jazz,0.5758973702956562
Oklahoma City Thunder,Brooklyn Nets,0.9149925542487894
Cleveland Cavaliers,Detroit Pistons,0.8321082049438525
Golden State Warriors,Philadelphia 76ers,0.9840397192472241
Portland Trail Blazers,New Orleans Pelicans,0.7898348761879126
Indiana Pacers,New York Knicks,0.6758075452040687
Boston Celtics,Minnesota Timberwolves,0.7995726082982871
Chicago Bulls,Memphis Grizzlies,0.6240982196149499
Detroit Pistons,Utah Jazz,0.5767380180507562
Houston Rockets,Los Angeles Lakers,0.853237291028735
Indiana Pacers,Charlotte Hornets,0.5386306466371603
Los Angeles Clippers,Milwaukee Bucks,0.8452702645380497
Miami Heat,New Orleans Pelicans,0.813664608792371
Sacramento Kings,Phoenix Suns,0.6289581765524059
San Antonio Spurs,Portland Trail Blazers,0.7740185790397964
Washington Wizards,Dallas Mavericks,0.5613506309636156
Atlanta Hawks,Memphis Grizzlies,0.7590849433133241
Cleveland Cavaliers,Utah Jazz,0.8341231561120414
Los Angeles Clippers,Denver Nuggets,0.7317559857671455
Golden State Warriors,Orlando Magic,0.9326677595053101
New York Knicks,Brooklyn Nets,0.7001573730413545
Toronto Raptors,Oklahoma City Thunder,0.5233697725014474
Boston Celtics,Brooklyn Nets,0.8465159223853674
Toronto Raptors,Detroit Pistons,0.6072709652016403
Milwaukee Bucks,Los Angeles Lakers,0.6727961215918583
Miami Heat,Minnesota Timberwolves,0.7988023314702395
Houston Rockets,New Orleans Pelicans,0.6532805119609655
Dallas Mavericks,Philadelphia 76ers,0.8699486249701749
Orlando Magic,Phoenix Suns,0.6529566930491761
Washington Wizards,Chicago Bulls,0.5803925524191629
Atlanta Hawks,Portland Trail Blazers,0.5094462203741381
Chicago Bulls,Utah Jazz,0.5229275780796281
Charlotte Hornets,Washington Wizards,0.6870138476131765
Houston Rockets,Denver Nuggets,0.6069750748575133
Golden State Warriors,Milwaukee Bucks,0.9495010903966209
Cleveland Cavaliers,Los Angeles Clippers,0.5550131614558584
San Antonio Spurs,Memphis Grizzlies,0.8313518960113708
Oklahoma City Thunder,Sacramento Kings,0.8825490951527825
Dallas Mavericks,Brooklyn Nets,0.7799640571926292
Detroit Pistons,Phoenix Suns,0.8103146101965109
Cleveland Cavaliers,Los Angeles Lakers,0.9333784390999088
Miami Heat,Portland Trail Blazers,0.5006588090545616
New Orleans Pelicans,Minnesota Timberwolves,0.5130620402234591
Boston Celtics,Philadelphia 76ers,0.9123426239852257
San Antonio Spurs,Sacramento Kings,0.9221089556770543
Toronto Raptors,Indiana Pacers,0.7229959669097639
Boston Celtics,Washington Wizards,0.683964329362241
Charlotte Hornets,Atlanta Hawks,0.5843830188027004
Houston Rockets,Denver Nuggets,0.7099204179200749
Indiana Pacers,Utah Jazz,0.6262161364247664
Los Angeles Clippers,New York Knicks,0.8384104591855472
Golden State Warriors,Oklahoma City Thunder,0.5505789041434975
Orlando Magic,Philadelphia 76ers,0.8436447694693902
Detroit Pistons,Brooklyn Nets,0.7918296120012014
Golden State Warriors,Dallas Mavericks,0.8137004568645949
Los Angeles Clippers,Los Angeles Lakers,0.8850175060396258
Miami Heat,Phoenix Suns,0.8629450255160624
San Antonio Spurs,Minnesota Timberwolves,0.8673887630385568
Memphis Grizzlies,New Orleans Pelicans,0.553309233958345
Portland Trail Blazers,Milwaukee Bucks,0.7774979905839706
Toronto Raptors,Chicago Bulls,0.7827912410873695
Boston Celtics,Indiana Pacers,0.6255688538630593
Chicago Bulls,Detroit Pistons,0.5193108929366492
Cleveland Cavaliers,Denver Nuggets,0.8323681987776265
Oklahoma City Thunder,Philadelphia 76ers,0.9678802096103588
Charlotte Hornets,Orlando Magic,0.6479322012813294
Sacramento Kings,Milwaukee Bucks,0.5919467196603259
Utah Jazz,New York Knicks,0.7236193800238616
Atlanta Hawks,Washington Wizards,0.5460829169389966
Phoenix Suns,Brooklyn Nets,0.5445906490939383
Los Angeles Clippers,Dallas Mavericks,0.5922168508899901
Toronto Raptors,Miami Heat,0.5119832177948929
Portland Trail Blazers,New York Knicks,0.7684566128885193
San Antonio Spurs,Memphis Grizzlies,0.9122180368056907
Boston Celtics,Phoenix Suns,0.8635116939332275
Chicago Bulls,Philadelphia 76ers,0.8835155653611662
Cleveland Cavaliers,Charlotte Hornets,0.6120341491944794
Golden State Warriors,Sacramento Kings,0.9389300535903145
Houston Rockets,New Orleans Pelicans,0.7393148226801028
Indiana Pacers,Denver Nuggets,0.7586505041054863
Minnesota Timberwolves,Los Angeles Lakers,0.6870022552843755
Atlanta Hawks,Milwaukee Bucks,0.7171169777117343
Detroit Pistons,Orlando Magic,0.5654395324607393
Washington Wizards,Brooklyn Nets,0.8298222271558356
Cleveland Cavaliers,Washington Wizards,0.8435755819700822
Toronto Raptors,Dallas Mavericks,0.633025678421588
Los Angeles Clippers,Utah Jazz,0.7213520269362382
Portland Trail Blazers,Minnesota Timberwolves,0.7660002094922982
San Antonio Spurs,New York Knicks,0.9322065058902204
Atlanta Hawks,Brooklyn Nets,0.8934262305590571
Boston Celtics,Miami Heat,0.586572857290911
Charlotte Hornets,Phoenix Suns,0.8651702366312292
Denver Nuggets,New Orleans Pelicans,0.5857225418169455
Golden State Warriors,Memphis Grizzlies,0.9310153466882978
Oklahoma City Thunder,Houston Rockets,0.6876080068905068
Indiana Pacers,Philadelphia 76ers,0.9205902901060934
Los Angeles Clippers,Sacramento Kings,0.8170836668878195
Portland Trail Blazers,Los Angeles Lakers,0.896815547633278
Chicago Bulls,Milwaukee Bucks,0.603713943622602
Oklahoma City Thunder,Dallas Mavericks,0.7015411614593257
Detroit Pistons,New York Knicks,0.6365005660695711
Sacramento Kings,Memphis Grizzlies,0.5101050333364546
San Antonio Spurs,Cleveland Cavaliers,0.6799827740207263
Toronto Raptors,Orlando Magic,0.8305388536573999
Utah Jazz,New Orleans Pelicans,0.739603027400018
Atlanta Hawks,Phoenix Suns,0.8670499401858118
Brooklyn Nets,Philadelphia 76ers,0.6485974718993492
Charlotte Hornets,Milwaukee Bucks,0.8119991527880176
Miami Heat,Detroit Pistons,0.5107226541758656
Golden State Warriors,Houston Rockets,0.8035369929266252
Indiana Pacers,Minnesota Timberwolves,0.7680857313717316
Washington Wizards,Los Angeles Lakers,0.8018212359246724
Portland Trail Blazers,Denver Nuggets,0.7565070323856049
Boston Celtics,Milwaukee Bucks,0.8098303178589986
Los Angeles Clippers,Washington Wizards,0.7351905363045789
Indiana Pacers,Memphis Grizzlies,0.5937996554164763
Dallas Mavericks,New Orleans Pelicans,0.6395049084311097
Miami Heat,New York Knicks,0.7105401576853284
Oklahoma City Thunder,Orlando Magic,0.786416051744732
Atlanta Hawks,Philadelphia 76ers,0.9114933175534158
Utah Jazz,Sacramento Kings,0.5926133821262562
San Antonio Spurs,Golden State Warriors,0.5625575846629828
Toronto Raptors,Charlotte Hornets,0.6871956185016319
Cleveland Cavaliers,Chicago Bulls,0.746560301875117
Detroit Pistons,Brooklyn Nets,0.8459468770410754
Minnesota Timberwolves,Los Angeles Lakers,0.7351350872300437
Los Angeles Clippers,Phoenix Suns,0.8384113314300796
Portland Trail Blazers,Houston Rockets,0.6224855622955412
Boston Celtics,Orlando Magic,0.7582910432039026
Charlotte Hornets,Denver Nuggets,0.7933981504680727
Cleveland Cavaliers,Philadelphia 76ers,0.9720641783068243
Golden State Warriors,Houston Rockets,0.8987080807925008
Dallas Mavericks,Memphis Grizzlies,0.5336489782777825
Miami Heat,New York Knicks,0.8010038503582939
Detroit Pistons,Milwaukee Bucks,0.6385869335396306
Sacramento Kings,New Orleans Pelicans,0.5209180488520258
Oklahoma City Thunder,San Antonio Spurs,0.516708757869442
Toronto Raptors,Indiana Pacers,0.7229959669097639
Utah Jazz,Washington Wizards,0.5834998398765057
Orlando Magic,Brooklyn Nets,0.7068788508076826
Atlanta Hawks,Chicago Bulls,0.5704499607166671
Los Angeles Clippers,Los Angeles Lakers,0.9202448433282617
Minnesota Timberwolves,Sacramento Kings,0.5179594249381365
Portland Trail Blazers,Phoenix Suns,0.8384859137727936
Atlanta Hawks,Brooklyn Nets,0.8451370853315567
Cleveland Cavaliers,Indiana Pacers,0.8063209342626421
Golden State Warriors,Washington Wizards,0.9052635771689999
Memphis Grizzlies,Los Angeles Lakers,0.7412454961269116
Miami Heat,Denver Nuggets,0.7902755596753899
Dallas Mavericks,Milwaukee Bucks,0.6221546946200188
Chicago Bulls,New Orleans Pelicans,0.6213956392813571
Boston Celtics,New York Knicks,0.7174302750340826
Oklahoma City Thunder,Charlotte Hornets,0.7521426629322074
Houston Rockets,Phoenix Suns,0.7460242775772381
San Antonio Spurs,Utah Jazz,0.8727857893198113
Toronto Raptors,Philadelphia 76ers,0.9561694571659423
Cleveland Cavaliers,Orlando Magic,0.8865885663316438
Golden State Warriors,Minnesota Timberwolves,0.9462774121830584
Toronto Raptors,Indiana Pacers,0.5570588905339376
New Orleans Pelicans,Denver Nuggets,0.5000053989949096
Chicago Bulls,New York Knicks,0.6015518722173023
Oklahoma City Thunder,Milwaukee Bucks,0.9018594296027793
Brooklyn Nets,Philadelphia 76ers,0.6370960067941625
Dallas Mavericks,Sacramento Kings,0.5790171097523329
San Antonio Spurs,Memphis Grizzlies,0.9122180368056907
Portland Trail Blazers,Utah Jazz,0.6052666133963269
Charlotte Hornets,Washington Wizards,0.5425421651937893
Cleveland Cavaliers,Boston Celtics,0.6153874442883103
Charlotte Hornets,Miami Heat,0.5899987973051393
Toronto Raptors,Detroit Pistons,0.6072709652016403
Houston Rockets,Denver Nuggets,0.7099204179200749
Los Angeles Clippers,Dallas Mavericks,0.7324753059888542
Oklahoma City Thunder,Memphis Grizzlies,0.7765233558042701
Golden State Warriors,Phoenix Suns,0.9397750576689589
San Antonio Spurs,Los Angeles Lakers,0.9683335281508872
Atlanta Hawks,Boston Celtics,0.5857512453435845
Indiana Pacers,Milwaukee Bucks,0.7795105351723235
Washington Wizards,New York Knicks,0.6167494232128425
Orlando Magic,Brooklyn Nets,0.7585940215798106
Chicago Bulls,Philadelphia 76ers,0.860897557744424
Portland Trail Blazers,Minnesota Timberwolves,0.7660002094922982
Cleveland Cavaliers,Atlanta Hawks,0.7755071884458756
San Antonio Spurs,Dallas Mavericks,0.7693006628373042
Denver Nuggets,New Orleans Pelicans,0.5857225418169455
Houston Rockets,Detroit Pistons,0.5624786399753436
Sacramento Kings,Los Angeles Lakers,0.7154744238271487
Memphis Grizzlies,New York Knicks,0.6235000550582962
Oklahoma City Thunder,Phoenix Suns,0.8935916656351445
Toronto Raptors,Miami Heat,0.6891039863996954
Utah Jazz,Minnesota Timberwolves,0.7208600923014264
Chicago Bulls,Brooklyn Nets,0.7663325379568597
Charlotte Hornets,Boston Celtics,0.5818126296141899
Golden State Warriors,New Orleans Pelicans,0.9509152518233014
Indiana Pacers,Orlando Magic,0.6076945671237285
Milwaukee Bucks,Philadelphia 76ers,0.7702539827704332
Portland Trail Blazers,Utah Jazz,0.623480227561268
San Antonio Spurs,Los Angeles Clippers,0.7945621374509246
Miami Heat,Washington Wizards,0.5403342614122187
Cleveland Cavaliers,Atlanta Hawks,0.6081782679243211
Oklahoma City Thunder,Denver Nuggets,0.8153356851463023
Minnesota Timberwolves,Los Angeles Lakers,0.6870022552843755
Detroit Pistons,Memphis Grizzlies,0.5511534140596903
Toronto Raptors,New York Knicks,0.7843108014044015
Dallas Mavericks,Phoenix Suns,0.7344355856948643
Houston Rockets,Sacramento Kings,0.5936353735051926
Boston Celtics,Brooklyn Nets,0.8905012958403846
Chicago Bulls,Orlando Magic,0.6301820842073116
Detroit Pistons,Washington Wizards,0.5937134029481643
Golden State Warriors,Utah Jazz,0.8990929384111243
Los Angeles Clippers,Houston Rockets,0.7205000069948494
Cleveland Cavaliers,Miami Heat,0.6165228173713274
Charlotte Hornets,Milwaukee Bucks,0.7142121553804832
Indiana Pacers,Philadelphia 76ers,0.8952381801730869
San Antonio Spurs,Portland Trail Blazers,0.7109603874799455
Atlanta Hawks,Charlotte Hornets,0.5917676028902521
Dallas Mavericks,Denver Nuggets,0.6962090460944367
New Orleans Pelicans,Los Angeles Lakers,0.6661820585962446
Oklahoma City Thunder,Minnesota Timberwolves,0.8217642475078714
Sacramento Kings,Phoenix Suns,0.6830619804746048
Boston Celtics,Milwaukee Bucks,0.8098303178589986
Chicago Bulls,Brooklyn Nets,0.8154074477952125
Cleveland Cavaliers,Toronto Raptors,0.7047214485179025
Golden State Warriors,Los Angeles Lakers,0.9754380185073671
Houston Rockets,Minnesota Timberwolves,0.720558980892698
Indiana Pacers,Atlanta Hawks,0.5350812549003575
Los Angeles Clippers,Sacramento Kings,0.8170836668878195
Dallas Mavericks,Memphis Grizzlies,0.5336489782777825
Miami Heat,Washington Wizards,0.6829259401973174
New York Knicks,Philadelphia 76ers,0.8003785009497975
Oklahoma City Thunder,Denver Nuggets,0.8909553286359656
Detroit Pistons,Orlando Magic,0.5654395324607393
Portland Trail Blazers,New Orleans Pelicans,0.7826261731562613
San Antonio Spurs,Utah Jazz,0.7571621026319031
